project_id,git_url,repo_name,owner_repo,repo_path,size,Name,Bytes,CodeBytes,Lines,Code,Comment,Blank,Complexity,Count,WeightedComplexity,Files,others,acl,androidlog,jul,log4j,log4j2,logback,slf4j,is_general,general_lus
3318537,https://api.github.com/repos/OpenNMS/opennms,opennms,OpenNMS/opennms,/home/local/SAIL/kundi/BACKUP/dataset/GitJavaLoggingRepos/OpenNMS_opennms.tar.gz,vlarge,Java,57543227,0,1520484,845478,485616,189390,0,9248,0,[],com.mchange.v2.log.logutils;com.swrve.ratelimitedlogger.ratelimitedlog;io.netty.handler.logging.logginghandler;liquibase.logging.logger;liquibase.logging.logservice;org.apache.cxf.interceptor.loggingininterceptor;org.apache.cxf.interceptor.loggingoutinterceptor;org.apache.mina.filter.logging.loggingfilter;org.apache.openejb.util.logger;org.apache.taglibs.standard.lang.jstl.logger;org.kie.api.logger.kieruntimelogger;org.opennms.core.logging.logging;org.opennms.core.logging.logging.mdccloseable;org.opennms.features.jmxconfiggenerator.log.consolelogadapter;org.opennms.features.jmxconfiggenerator.log.logadapter;org.opennms.features.vaadin.api.logger;org.opennms.netmgt.xml.event.log,True,False,True,True,True,False,True,True,"['acl', 'jul', 'log4j', 'log4j2', 'slf4j']"
4855989,https://api.github.com/repos/dmlloyd/openjdk,openjdk,dmlloyd/openjdk,/home/local/SAIL/kundi/BACKUP/dataset/GitJavaLoggingRepos/dmlloyd_openjdk.tar.gz,vlarge,Java,349628479,0,9068248,5035911,3046308,986029,0,47463,0,[],com.sun.jmx.defaults.jmxproperties.mbeanserver_logger;com.sun.jmx.defaults.jmxproperties.misc_logger;com.sun.jmx.defaults.jmxproperties.mlet_logger;com.sun.jmx.defaults.jmxproperties.modelmbean_logger;com.sun.jmx.defaults.jmxproperties.monitor_logger;com.sun.jmx.defaults.jmxproperties.relation_logger;com.sun.jmx.defaults.jmxproperties.timer_logger;com.sun.jmx.remote.util.classlogger;com.sun.tools.javac.util.log;com.sun.tools.javac.util.log.deferreddiagnostichandler;com.sun.tools.javac.util.log.diagnostichandler;com.sun.tools.javac.util.log.discarddiagnostichandler;com.sun.tools.javac.util.log.prefixkind;com.sun.tools.javac.util.log.writerkind;com.sun.tools.sjavac.log;com.sun.tools.sjavac.log.level;com.sun.tools.sjavac.log.level.error;com.sun.tools.sjavac.log.level.info;com.sun.tools.sjavac.server.log.lazyinitfilelog;com.sun.tools.sjavac.server.log.loggingoutputstream;java.lang.system.logger;java.lang.system.logger.level;java.lang.system.loggerfinder;jdk.internal.jline.internal.log;jdk.internal.logger.defaultloggerfinder;jdk.internal.logger.defaultloggerfinder.issystem;jdk.internal.logger.lazyloggers;jdk.internal.logger.lazyloggers.lazyloggeraccessor;jdk.internal.logger.localizedloggerwrapper;jdk.internal.logger.loggerfinderloader;jdk.internal.logger.loggerwrapper;jdk.internal.logger.surrogatelogger;jdk.internal.logger.surrogatelogger.isfilteredframe;jdk.internal.module.illegalaccesslogger;jdk.internal.net.http.common.log;jdk.internal.net.http.common.logger;jdk.internal.net.http.hpack.hpack.logger;jdk.internal.net.http.hpack.hpack.logger.level;jdk.internal.net.http.hpack.hpack.logger.level.extra;jdk.internal.net.http.hpack.hpack.logger.level.none;jdk.internal.net.http.hpack.hpack.logger.level.normal;jdk.jfr.internal.logger;jdk.nashorn.internal.runtime.logging.debuglogger;jdk.nashorn.internal.runtime.logging.debuglogger.quote;jdk.nashorn.internal.runtime.logging.loggable;jdk.nashorn.internal.runtime.logging.logger;jdk.nashorn.internal.runtime.options.loggingoption;jdk.nashorn.internal.runtime.options.loggingoption.loggerinfo;org.apache.tools.ant.defaultlogger;org.graalvm.compiler.debug.debugoptions.log;org.graalvm.compiler.hotspot.amd64.amd64hotspotmathintrinsicop.intrinsicopcode.log;org.graalvm.compiler.lir.amd64.amd64mathintrinsicunaryop.unaryintrinsicopcode.log;org.graalvm.compiler.replacements.log;org.graalvm.compiler.replacements.log.log_object;org.graalvm.compiler.replacements.log.log_primitive;org.graalvm.compiler.replacements.log.log_printf;org.graalvm.compiler.replacements.nodes.unarymathintrinsicnode.unaryoperation.log;sun.awt.util.performancelogger;sun.rmi.log.loghandler;sun.rmi.log.reliablelog;sun.rmi.runtime.log;sun.security.ssl.ssllogger;sun.tools.jstat.jstatlogger;sun.util.logging.internal.loggingproviderimpl;sun.util.logging.platformlogger;sun.util.logging.platformlogger.configurablebridge.loggerconfiguration,False,False,True,False,False,False,False,True,['jul']
2249963,https://api.github.com/repos/robovm/robovm,robovm,robovm/robovm,/home/local/SAIL/kundi/BACKUP/dataset/GitJavaLoggingRepos/robovm_robovm.tar.gz,vlarge,Java,62209162,0,1752583,928808,661088,162687,0,10037,0,[],dalvik.system.dalviklogging;libcore.io.eventlogger;org.robovm.compiler.log.consolelogger;org.robovm.compiler.log.erroroutputstream;org.robovm.compiler.log.infooutputstream;org.robovm.compiler.log.logger;org.robovm.compiler.log.loggerproxy,True,False,True,False,False,False,False,True,"['acl', 'jul']"
31515051,https://api.github.com/repos/ihmcrobotics/ihmc-open-robotics-software,ihmc-open-robotics-software,ihmcrobotics/ihmc-open-robotics-software,/home/local/SAIL/kundi/BACKUP/dataset/GitJavaLoggingRepos/ihmcrobotics_ihmc-open-robotics-software.tar.gz,vlarge,Java,41342303,0,1063741,784284,79116,200341,0,6292,0,[],com.esotericsoftware.minlog.log;io.netty.handler.logging.logginghandler;io.netty.handler.logging.loglevel;us.ihmc.ihmcperception.camera.cameralogger;us.ihmc.log.logtools;us.ihmc.robotdatalogger.announcement;us.ihmc.robotdatalogger.announcementpubsubtype;us.ihmc.robotdatalogger.appearancedefinitionmessage;us.ihmc.robotdatalogger.camera;us.ihmc.robotdatalogger.cameraannouncement;us.ihmc.robotdatalogger.cameratype;us.ihmc.robotdatalogger.databuffers.customlogdatapublishertype;us.ihmc.robotdatalogger.databuffers.customlogdatasubscribertype;us.ihmc.robotdatalogger.databuffers.loggerdebugregistry;us.ihmc.robotdatalogger.databuffers.registryconsumer;us.ihmc.robotdatalogger.databuffers.registryreceivebuffer;us.ihmc.robotdatalogger.databuffers.registrysendbuffer;us.ihmc.robotdatalogger.databuffers.registrysendbufferbuilder;us.ihmc.robotdatalogger.enumtype;us.ihmc.robotdatalogger.example.exampleserver.someenum;us.ihmc.robotdatalogger.graphicobjectmessage;us.ihmc.robotdatalogger.gui.dataserverselectorgui;us.ihmc.robotdatalogger.gui.dataserverselectorjframe.hostaddedlistener;us.ihmc.robotdatalogger.guirecorder.guicapturehandler;us.ihmc.robotdatalogger.guirecorder.guicapturereceiver;us.ihmc.robotdatalogger.handshake;us.ihmc.robotdatalogger.handshake.generated.yoprotohandshakeproto.yoprotohandshake;us.ihmc.robotdatalogger.handshake.generated.yoprotohandshakeproto.yoprotohandshake.dynamicgraphicmessage;us.ihmc.robotdatalogger.handshake.generated.yoprotohandshakeproto.yoprotohandshake.jointdefinition;us.ihmc.robotdatalogger.handshake.generated.yoprotohandshakeproto.yoprotohandshake.yoregistrydefinition;us.ihmc.robotdatalogger.handshake.generated.yoprotohandshakeproto.yoprotohandshake.yovariabledefinition;us.ihmc.robotdatalogger.handshake.idlyovariablehandshakeparser;us.ihmc.robotdatalogger.handshake.loghandshake;us.ihmc.robotdatalogger.handshake.protobufferyovariablehandshakeparser;us.ihmc.robotdatalogger.handshake.summaryprovider;us.ihmc.robotdatalogger.handshake.yovariablehandshakebuilder;us.ihmc.robotdatalogger.handshake.yovariablehandshakeparser;us.ihmc.robotdatalogger.handshakefiletype;us.ihmc.robotdatalogger.handshakepubsubtype;us.ihmc.robotdatalogger.host;us.ihmc.robotdatalogger.interfaces.commandlistener;us.ihmc.robotdatalogger.interfaces.dataconsumer;us.ihmc.robotdatalogger.interfaces.dataproducer;us.ihmc.robotdatalogger.interfaces.dataserverdiscoverylistener;us.ihmc.robotdatalogger.interfaces.registrypublisher;us.ihmc.robotdatalogger.interfaces.variablechangedproducer;us.ihmc.robotdatalogger.jointdefinition;us.ihmc.robotdatalogger.jointstate.jointholder;us.ihmc.robotdatalogger.jointstate.jointholderfactory;us.ihmc.robotdatalogger.jointstate.jointstate;us.ihmc.robotdatalogger.jointstate.onedofstate;us.ihmc.robotdatalogger.jointstate.sixdofstate;us.ihmc.robotdatalogger.jointtype;us.ihmc.robotdatalogger.listeners.timestamplistener;us.ihmc.robotdatalogger.listeners.variablechangedlistener;us.ihmc.robotdatalogger.loadstatus;us.ihmc.robotdatalogger.logdatatype;us.ihmc.robotdatalogger.logger.dataserversettings;us.ihmc.robotdatalogger.logger.logalivelistener;us.ihmc.robotdatalogger.logger.logpropertiesreader;us.ihmc.robotdatalogger.logger.logsettings;us.ihmc.robotdatalogger.logger.networkstreamvideodatalogger;us.ihmc.robotdatalogger.logger.yovariableloggerlistener;us.ihmc.robotdatalogger.logger.yovariablelogreader;us.ihmc.robotdatalogger.logindex;us.ihmc.robotdatalogger.logproperties;us.ihmc.robotdatalogger.logpropertiespubsubtype;us.ihmc.robotdatalogger.referenceframeinformation;us.ihmc.robotdatalogger.robotvisualizer;us.ihmc.robotdatalogger.rtps.logparticipantsettings;us.ihmc.robotdatalogger.rtps.logproducerdisplay;us.ihmc.robotdatalogger.statichostlist;us.ihmc.robotdatalogger.statichostlistloader;us.ihmc.robotdatalogger.util.debugregistry;us.ihmc.robotdatalogger.util.handshakehashcalculator;us.ihmc.robotdatalogger.util.jvmstatisticsgenerator;us.ihmc.robotdatalogger.util.paddedvolatileboolean;us.ihmc.robotdatalogger.util.paddedvolatilelong;us.ihmc.robotdatalogger.util.paddedvolatilereference;us.ihmc.robotdatalogger.variablechangerequest;us.ihmc.robotdatalogger.variablechangerequestpubsubtype;us.ihmc.robotdatalogger.websocket.client.discovery.dataserverdiscoveryclient;us.ihmc.robotdatalogger.websocket.client.discovery.httpdataserverconnection;us.ihmc.robotdatalogger.websocket.client.discovery.httpdataserverconnection.disconnectpromise;us.ihmc.robotdatalogger.websocket.client.discovery.httpdataserverconnection.httpdataserverconnectionlistener;us.ihmc.robotdatalogger.websocket.client.discovery.httpdataserverdescription;us.ihmc.robotdatalogger.websocket.client.websocketdataconsumer;us.ihmc.robotdatalogger.websocket.command.dataservercommand;us.ihmc.robotdatalogger.websocket.dataserverlocationbroadcast;us.ihmc.robotdatalogger.websocket.httpdataserverpaths;us.ihmc.robotdatalogger.websocket.server.discovery.dataserverlocationbroadcastsender;us.ihmc.robotdatalogger.websocket.server.udptimestampserver;us.ihmc.robotdatalogger.websocket.server.websocketdataproducer;us.ihmc.robotdatalogger.yoregistrydefinition;us.ihmc.robotdatalogger.yotype;us.ihmc.robotdatalogger.yovariableclient;us.ihmc.robotdatalogger.yovariableclientimplementation;us.ihmc.robotdatalogger.yovariableclientinterface;us.ihmc.robotdatalogger.yovariabledefinition;us.ihmc.robotdatalogger.yovariableserver;us.ihmc.robotdatalogger.yovariablesupdatedlistener;us.ihmc.robotdatavisualizer.logger.behaviorvisualizer;us.ihmc.robotdatavisualizer.logger.converters.logformatupdater;us.ihmc.robotdatavisualizer.logger.converters.videoconverter;us.ihmc.robotdatavisualizer.logger.logvisualizer;us.ihmc.robotdatavisualizer.logger.multivideodataplayer;us.ihmc.robotdatavisualizer.logger.util.customprogressmonitor;us.ihmc.robotdatavisualizer.logger.util.fileselectiondialog;us.ihmc.robotdatavisualizer.logger.util.progressmonitorinterface;us.ihmc.robotdatavisualizer.logger.yovariablelogplaybackrobot;us.ihmc.wholebodycontroller.diagnostics.logging.diagnosticloggerconfiguration;us.ihmc.wholebodycontroller.diagnostics.logging.jointforcetrackingdelaylogrecord;us.ihmc.wholebodycontroller.diagnostics.logging.processedjointpositiondelaylogrecord;us.ihmc.wholebodycontroller.diagnostics.logging.processedjointvelocitydelaylogrecord;us.ihmc.wholebodycontroller.diagnostics.logging.rawjointvelocitydelaylogrecord,False,False,True,False,False,False,False,True,['jul']
4873,https://api.github.com/repos/apache/lucene-solr,lucene-solr,apache/lucene-solr,/home/local/SAIL/kundi/BACKUP/dataset/GitJavaLoggingRepos/apache_lucene-solr.tar.gz,vlarge,Java,73424800,0,1895912,1307770,359754,228388,0,8573,0,[],org.apache.lucene.luke.util.loggerfactory;org.apache.solr.common.util.xmlerrorlogger;org.apache.solr.logging.circularlist;org.apache.solr.logging.jul.julwatcher;org.apache.solr.logging.listenerconfig;org.apache.solr.logging.log4j2.log4j2watcher;org.apache.solr.logging.loggerinfo;org.apache.solr.logging.logwatcher;org.apache.solr.logging.logwatcherconfig;org.apache.solr.logging.mdcloggingcontext;org.apache.solr.ltr.csvfeaturelogger;org.apache.solr.ltr.featurelogger;org.apache.solr.security.auditloggerplugin;org.apache.solr.util.startuploggingutils,False,False,True,False,True,False,True,True,"['jul', 'log4j2', 'slf4j']"
7021075,https://api.github.com/repos/googleads/googleads-java-lib,googleads-java-lib,googleads/googleads-java-lib,/home/local/SAIL/kundi/BACKUP/dataset/GitJavaLoggingRepos/googleads_googleads-java-lib.tar.gz,vlarge,Java,81991754,0,2145899,1036948,879328,229623,0,13005,0,[],com.google.api.ads.adwords.lib.utils.logging.adwordsloggingmodule;com.google.api.ads.adwords.lib.utils.logging.batchjoblogger;com.google.api.ads.adwords.lib.utils.logging.reportservicelogger;com.google.api.ads.common.lib.utils.logging.adsserviceloggers;com.google.api.ads.common.lib.utils.logging.loggingmodule;com.google.api.ads.common.lib.utils.logging.remotecallloggerdelegate;com.google.api.ads.common.lib.utils.logging.remotecallloggerdelegate.remotecalltype,False,False,False,False,False,False,True,True,['slf4j']
75061625,https://api.github.com/repos/OpenLiberty/open-liberty,open-liberty,OpenLiberty/open-liberty,/home/local/SAIL/kundi/BACKUP/dataset/GitJavaLoggingRepos/OpenLiberty_open-liberty.tar.gz,vlarge,Java,211351394,0,5320173,3169863,1436776,713534,0,31251,0,[],com.ibm.ejs.cm.logger.tracewriter;com.ibm.jbatch.container.ws.smf.zosjbatchsmflogging;com.ibm.tx.util.logging.ffdcfilter;com.ibm.tx.util.logging.ffdcfilterer;com.ibm.tx.util.logging.tr;com.ibm.tx.util.logging.tracecomponent;com.ibm.tx.util.logging.tracer;com.ibm.websphere.logging.hpel.logrecordcontext;com.ibm.websphere.logging.hpel.reader.abstractremoterepositoryreader;com.ibm.websphere.logging.hpel.reader.filters.levelfilter;com.ibm.websphere.logging.hpel.reader.filters.logviewerfilter;com.ibm.websphere.logging.hpel.reader.filters.multiplecriteriafilter;com.ibm.websphere.logging.hpel.reader.genericfile;com.ibm.websphere.logging.hpel.reader.hpelformatter;com.ibm.websphere.logging.hpel.reader.logquerybean;com.ibm.websphere.logging.hpel.reader.logrecordfilter;com.ibm.websphere.logging.hpel.reader.logrecordheaderfilter;com.ibm.websphere.logging.hpel.reader.logrepositoryexception;com.ibm.websphere.logging.hpel.reader.logrepositoryruntimeexception;com.ibm.websphere.logging.hpel.reader.remoteinstancedetails;com.ibm.websphere.logging.hpel.reader.remoteinstanceresult;com.ibm.websphere.logging.hpel.reader.remotelistcache;com.ibm.websphere.logging.hpel.reader.repositorylogrecord;com.ibm.websphere.logging.hpel.reader.repositorylogrecordheader;com.ibm.websphere.logging.hpel.reader.repositorypointer;com.ibm.websphere.logging.hpel.reader.repositoryreaderimpl;com.ibm.websphere.logging.hpel.reader.serverinstancelogrecordlist;com.ibm.websphere.logging.hpel.writer.hpelrepositoryexporter;com.ibm.websphere.logging.hpel.writer.logeventlistener;com.ibm.websphere.logging.hpel.writer.logeventnotifier;com.ibm.websphere.logging.hpel.writer.repositoryexporter;com.ibm.websphere.logging.wslevel;com.ibm.websphere.simplicity.config.logging;com.ibm.websphere.simplicity.log.log;com.ibm.ws.anno.service.internal.annotationserviceimpl_logging;com.ibm.ws.classloading.internal.util.blockinglist.logger;com.ibm.ws.ejb.portable.loggerhelper;com.ibm.ws.http.logging.internal.accesslogger;com.ibm.ws.http.logging.internal.disabledlogger;com.ibm.ws.kernel.boot.logging.loggerhandlermanager;com.ibm.ws.kernel.boot.logging.textfileoutputstreamfactory;com.ibm.ws.kernel.boot.logging.wslogmanager;com.ibm.ws.logging.collector.collectorconstants;com.ibm.ws.logging.collector.collectorjsonhelpers;com.ibm.ws.logging.collector.collectorjsonutils;com.ibm.ws.logging.collector.dateformathelper;com.ibm.ws.logging.collector.formatter;com.ibm.ws.logging.collector.logfieldconstants;com.ibm.ws.logging.data.accesslogdata;com.ibm.ws.logging.data.ffdcdata;com.ibm.ws.logging.data.gcdata;com.ibm.ws.logging.data.genericdata;com.ibm.ws.logging.data.keyvaluepair;com.ibm.ws.logging.data.keyvaluepairlist;com.ibm.ws.logging.data.keyvaluestringpair;com.ibm.ws.logging.data.logtracedata;com.ibm.ws.logging.data.pair;com.ibm.ws.logging.hpel.config.hpelconfigurator;com.ibm.ws.logging.hpel.deserializerexception;com.ibm.ws.logging.hpel.formatset;com.ibm.ws.logging.hpel.genericoutputfile;com.ibm.ws.logging.hpel.guid;com.ibm.ws.logging.hpel.handlers.logrecordhandler;com.ibm.ws.logging.hpel.handlers.logrecordtexthandler;com.ibm.ws.logging.hpel.handlers.logrepositoryconfiguration;com.ibm.ws.logging.hpel.impl.abstracthpelrepositoryexporter;com.ibm.ws.logging.hpel.impl.logfilewritertextimpl;com.ibm.ws.logging.hpel.impl.logrecordbrowser;com.ibm.ws.logging.hpel.impl.logrecordbrowser.iinternalrecordfilter;com.ibm.ws.logging.hpel.impl.logrecordbrowser.onepidrecordlistimpl;com.ibm.ws.logging.hpel.impl.logrecordwrapper;com.ibm.ws.logging.hpel.impl.logrepositorybaseimpl;com.ibm.ws.logging.hpel.impl.logrepositorybrowserimpl;com.ibm.ws.logging.hpel.impl.logrepositorymanagerimpl;com.ibm.ws.logging.hpel.impl.logrepositorymanagertextimpl;com.ibm.ws.logging.hpel.impl.logrepositoryspacealert;com.ibm.ws.logging.hpel.impl.logrepositorysubmanagerimpl;com.ibm.ws.logging.hpel.impl.logrepositorywritercbuffimpl;com.ibm.ws.logging.hpel.impl.logrepositorywriterimpl;com.ibm.ws.logging.hpel.impl.mainlogrepositorybrowserimpl;com.ibm.ws.logging.hpel.impl.onefilebrowserimpl;com.ibm.ws.logging.hpel.impl.oneinstancebrowserimpl;com.ibm.ws.logging.hpel.impl.remotelogrecorditerator;com.ibm.ws.logging.hpel.impl.serializationobjectpool;com.ibm.ws.logging.hpel.impl.serverinstancelogrecordlistimpl;com.ibm.ws.logging.hpel.impl.zipgenericfile;com.ibm.ws.logging.hpel.logfilereader;com.ibm.ws.logging.hpel.logfilewriter;com.ibm.ws.logging.hpel.logrecordserializer;com.ibm.ws.logging.hpel.logrepositorybase;com.ibm.ws.logging.hpel.logrepositorybrowser;com.ibm.ws.logging.hpel.logrepositorymanager;com.ibm.ws.logging.hpel.logrepositorysubprocesscommunication;com.ibm.ws.logging.hpel.logrepositorywriter;com.ibm.ws.logging.hpel.mainlogrepositorybrowser;com.ibm.ws.logging.hpel.serializationobject;com.ibm.ws.logging.internal.disabledffdcservice;com.ibm.ws.logging.internal.disabledtraceservice;com.ibm.ws.logging.internal.hpel.hpelheader;com.ibm.ws.logging.internal.hpel.hpeltraceserviceconfig;com.ibm.ws.logging.internal.hpel.hpeltraceserviceconfig.logstate;com.ibm.ws.logging.internal.hpel.hpeltraceserviceconfig.tracestate;com.ibm.ws.logging.internal.impl.basetraceservice;com.ibm.ws.logging.internal.impl.basetraceservice.systemlogholder;com.ibm.ws.logging.internal.impl.basetraceservice.tracewriter;com.ibm.ws.logging.internal.impl.consoleloghandler;com.ibm.ws.logging.internal.impl.countingoutputstream;com.ibm.ws.logging.internal.impl.filelogheader;com.ibm.ws.logging.internal.impl.filelogset;com.ibm.ws.logging.internal.impl.loggingconfigutils;com.ibm.ws.logging.internal.impl.loggingconstants;com.ibm.ws.logging.internal.impl.loggingconstants.ffdcsummarypolicy;com.ibm.ws.logging.internal.impl.loggingconstants.traceformat;com.ibm.ws.logging.internal.impl.loggingfileutils;com.ibm.ws.logging.internal.impl.logproviderconfigimpl;com.ibm.ws.logging.internal.impl.messageloghandler;com.ibm.ws.logging.internal.impl.routedmessageimpl;com.ibm.ws.logging.internal.nlsconstants;com.ibm.ws.logging.internal.osgi.osgilogconstants.*;com.ibm.ws.logging.internal.osgi.osgilogconstants.equinox_metatype_bsn;com.ibm.ws.logging.internal.osgi.osgilogconstants.log_service_group;com.ibm.ws.logging.internal.osgi.osgilogconstants.logger_events;com.ibm.ws.logging.internal.osgi.osgilogconstants.trace_enabled;com.ibm.ws.logging.internal.osgi.osgilogconstants.trace_spec_osgi_events;com.ibm.ws.logging.internal.packageprocessor;com.ibm.ws.logging.internal.safetracelevelindexfactory;com.ibm.ws.logging.internal.stackfinder;com.ibm.ws.logging.internal.tracenlsbundleclassloader;com.ibm.ws.logging.internal.tracenlsresolver;com.ibm.ws.logging.internal.tracespecification;com.ibm.ws.logging.internal.tracespecification.traceelement;com.ibm.ws.logging.internal.tracespecification.tracespecificationexception;com.ibm.ws.logging.internal.trsharedsecrets;com.ibm.ws.logging.internal.wslogger;com.ibm.ws.logging.internal.wslogrecord;com.ibm.ws.logging.object.hpel.hpellogrecordfactory;com.ibm.ws.logging.object.hpel.logrecordstack;com.ibm.ws.logging.object.hpel.remotelistcacheimpl;com.ibm.ws.logging.object.hpel.remoterepositorycache;com.ibm.ws.logging.object.hpel.repositorylogrecordimpl;com.ibm.ws.logging.object.hpel.repositorypointerimpl;com.ibm.ws.logging.osgi.messagerouterconfiglistener;com.ibm.ws.logging.routedmessage;com.ibm.ws.logging.source.logsource;com.ibm.ws.logging.source.tracesource;com.ibm.ws.logging.synch.threadlocalhandler;com.ibm.ws.logging.utils.collectormanagerpipelineutils;com.ibm.ws.logging.utils.filelogholder;com.ibm.ws.logging.utils.logformatutils;com.ibm.ws.logging.utils.recursioncounter;com.ibm.ws.logging.utils.sequencenumber;com.ibm.ws.logging.wsloghandler;com.ibm.ws.logging.wsmessagerouter;com.ibm.ws.logging.wstracehandler;com.ibm.ws.logging.wstracerouter;com.ibm.ws.ras.instrument.internal.main.libertytracepreprocessinstrumentation.logger_type;com.ibm.ws.rsadapter.ffdclogger;com.ibm.ws.security.fat.common.logging.commonfatloggingutils;com.ibm.ws.session.store.common.internal.loggingutil;com.ibm.ws.session.utils.loggingutil;com.ibm.wsspi.anno.service.annotationservice_logging;com.ibm.wsspi.http.logging.accesslog;com.ibm.wsspi.http.logging.accesslogforwarder;com.ibm.wsspi.http.logging.accesslogrecorddata;com.ibm.wsspi.http.logging.debuglog;com.ibm.wsspi.http.logging.httploggingservice;com.ibm.wsspi.http.logging.logfile;com.ibm.wsspi.http.logging.logforwardermanager;com.ibm.wsspi.http.logging.logutils;com.ibm.wsspi.logging.incident;com.ibm.wsspi.logging.incidentforwarder;com.ibm.wsspi.logging.introspectableservice;com.ibm.wsspi.logging.introspector;com.ibm.wsspi.logging.loghandler;com.ibm.wsspi.logging.logrecordext;com.ibm.wsspi.logging.messagerouter;com.ibm.wsspi.logging.textfileoutputstreamfactory;com.ibm.wsspi.webcontainer.logging.loggerfactory;com.ibm.wsspi.webcontainer.logging.loggerhelper;org.apache.cxf.common.logging.logutils;org.apache.cxf.interceptor.loggingininterceptor;org.apache.cxf.interceptor.loggingoutinterceptor;org.apache.cxf.logging.faultlistener;org.apache.felix.http.base.internal.logger.systemlogger;org.apache.myfaces.logging.myfaceslogkey;org.apache.myfaces.logging.myfaceslogmessage;org.eclipse.equinox.log.extendedlogentry;org.eclipse.equinox.log.extendedlogreaderservice;org.eclipse.equinox.log.synchronousloglistener;org.eclipse.persistence.logging.sessionlog;org.eclipse.persistence.logging.sessionlogentry;org.osgi.service.log.admin.loggeradmin;org.osgi.service.log.logentry;org.osgi.service.log.logger;org.osgi.service.log.loglevel;org.osgi.service.log.logreaderservice;org.osgi.service.log.logservice,False,False,True,False,False,False,True,True,"['jul', 'slf4j']"
300140,https://api.github.com/repos/apache/cxf,cxf,apache/cxf,/home/local/SAIL/kundi/BACKUP/dataset/GitJavaLoggingRepos/apache_cxf.tar.gz,vlarge,Java,38578164,0,1016072,683037,191032,142003,0,7422,0,[],org.apache.cxf.annotations.logging;org.apache.cxf.common.logging.log4jlogger;org.apache.cxf.common.logging.logutils;org.apache.cxf.common.logging.regexloggingfilter;org.apache.cxf.ext.logging.event.defaultlogeventmapper;org.apache.cxf.ext.logging.event.logevent;org.apache.cxf.ext.logging.event.logeventsender;org.apache.cxf.ext.logging.event.logmessageformatter;org.apache.cxf.ext.logging.event.prettyloggingfilter;org.apache.cxf.ext.logging.event.printwritereventsender;org.apache.cxf.ext.logging.loggingfeature;org.apache.cxf.ext.logging.loggingininterceptor;org.apache.cxf.ext.logging.loggingoutinterceptor;org.apache.cxf.interceptor.abstractlogginginterceptor;org.apache.cxf.interceptor.loggingininterceptor;org.apache.cxf.interceptor.loggingoutinterceptor;org.apache.cxf.jca.core.logging.loggerhelper;org.apache.cxf.logging.faultlistener;org.apache.cxf.logging.noopfaultlistener;org.apache.cxf.sts.event.map.mapeventlogger;org.apache.maven.plugin.logging.log,False,False,True,False,False,True,True,True,"['jul', 'logback', 'slf4j']"
3092697,https://api.github.com/repos/GregBowyer/ManagedRuntimeInitiative,ManagedRuntimeInitiative,GregBowyer/ManagedRuntimeInitiative,/home/local/SAIL/kundi/BACKUP/dataset/GitJavaLoggingRepos/GregBowyer_ManagedRuntimeInitiative.tar.gz,vlarge,Java,179048308,0,4594180,2389904,1723432,480844,0,19761,0,[],com.sun.corba.se.impl.logging.activationsystemexceptio;com.sun.corba.se.impl.logging.activationsystemexception;com.sun.corba.se.impl.logging.interceptorssystemexceptio;com.sun.corba.se.impl.logging.interceptorssystemexception;com.sun.corba.se.impl.logging.iorsystemexceptio;com.sun.corba.se.impl.logging.iorsystemexception;com.sun.corba.se.impl.logging.namingsystemexceptio;com.sun.corba.se.impl.logging.namingsystemexception;com.sun.corba.se.impl.logging.omgsystemexceptio;com.sun.corba.se.impl.logging.omgsystemexception;com.sun.corba.se.impl.logging.orbutilsystemexceptio;com.sun.corba.se.impl.logging.orbutilsystemexception;com.sun.corba.se.impl.logging.poasystemexceptio;com.sun.corba.se.impl.logging.poasystemexception;com.sun.corba.se.impl.logging.utilsystemexceptio;com.sun.corba.se.impl.logging.utilsystemexception;com.sun.corba.se.spi.logging.corbalogdomain;com.sun.corba.se.spi.logging.corbalogdomains;com.sun.corba.se.spi.logging.logwrapperbas;com.sun.corba.se.spi.logging.logwrapperbase;com.sun.corba.se.spi.logging.logwrapperfactor;com.sun.corba.se.spi.logging.logwrapperfactory;com.sun.jmx.defaults.jmxproperties.mbeanserver_logger;com.sun.jmx.defaults.jmxproperties.misc_logger;com.sun.jmx.defaults.jmxproperties.mlet_logger;com.sun.jmx.defaults.jmxproperties.modelmbean_logger;com.sun.jmx.defaults.jmxproperties.monitor_logger;com.sun.jmx.defaults.jmxproperties.relation_logger;com.sun.jmx.defaults.jmxproperties.snmp_adaptor_logger;com.sun.jmx.defaults.jmxproperties.snmp_logger;com.sun.jmx.defaults.jmxproperties.timer_logger;com.sun.jmx.remote.util.classlogger;com.sun.tools.javac.util.log;sun.management.snmp.util.miblogger;sun.misc.performancelogger;sun.rmi.log.loghandler;sun.rmi.log.reliablelog;sun.rmi.runtime.log,False,False,True,False,False,False,False,True,['jul']
